data_notice,concrete_strength_mpa,steel_yield_strength_mpa,steel_thickness_mm,beam_width_mm,beam_depth_mm,beam_span_mm,fly_ash_pct,sustainable_material_pct,connector_spacing_mm,connector_diameter_mm,ultimate_load_kn,max_deflection_mm
SYNTHETIC DEMONSTRATION DATA - NOT FOR ENGINEERING USE,30,415,6,100,250,2500,0,5,200,16,310,13.4
SYNTHETIC DEMONSTRATION DATA - NOT FOR ENGINEERING USE,32,415,8,100,275,2600,5,10,190,16,342,12.9
SYNTHETIC DEMONSTRATION DATA - NOT FOR ENGINEERING USE,35,500,8,120,280,2700,10,15,180,19,389,12.1
SYNTHETIC DEMONSTRATION DATA - NOT FOR ENGINEERING USE,38,500,10,120,300,2800,15,20,170,19,431,11.6
SYNTHETIC DEMONSTRATION DATA - NOT FOR ENGINEERING USE,40,500,10,140,320,2900,20,25,160,20,468,11.2
SYNTHETIC DEMONSTRATION DATA - NOT FOR ENGINEERING USE,42,550,12,140,340,3000,25,30,150,20,516,10.8
SYNTHETIC DEMONSTRATION DATA - NOT FOR ENGINEERING USE,45,550,12,150,350,3100,30,35,140,22,548,10.5
SYNTHETIC DEMONSTRATION DATA - NOT FOR ENGINEERING USE,48,500,10,150,330,3000,18,28,165,19,502,11.0
SYNTHETIC DEMONSTRATION DATA - NOT FOR ENGINEERING USE,50,550,12,160,360,3200,22,32,145,22,579,10.2
SYNTHETIC DEMONSTRATION DATA - NOT FOR ENGINEERING USE,55,550,16,160,380,3300,25,40,130,22,641,9.7
SYNTHETIC DEMONSTRATION DATA - NOT FOR ENGINEERING USE,60,690,16,180,400,3400,30,45,120,22,724,9.1
SYNTHETIC DEMONSTRATION DATA - NOT FOR ENGINEERING USE,65,690,16,180,420,3500,35,50,110,22,782,8.8
