feature,mean_abs_shap
Compressive Strength fc' (MPa),2225.3904
Slab Thickness hc (mm),1458.8116
Yield Strength fy (MPa),49.982273
GGBS (%),22.596685
Fly Ash (%),16.909967
w/b Ratio,16.674103
Recycled Aggregate (%),15.03108
Span L (mm),10.967752
Beam Depth h (mm),9.877892
Stud Dia. ds (mm),5.429451
Steel Grade_S275,3.8715148
Steel Grade_S355,1.3404396
Shear Connector Type_Perfobond Ribbon,1.2304281
Steel Grade_S690,1.1483672
Steel Grade_S460,0.74882096
Shear Connector Type_Headed Stud,0.44673842
Shear Connector Type_Angle Connector,0.20944244
